Country/Territory,Continent,Year,Population
Afghanistan,Asia,1970,10752971
Afghanistan,Asia,1980,12486631
Afghanistan,Asia,1990,10694796
Afghanistan,Asia,2000,19542982
Afghanistan,Asia,2010,28189672
Afghanistan,Asia,2015,33753499
Afghanistan,Asia,2020,38972230
Afghanistan,Asia,2022,41128771
Albania,Europe,1970,2324731
Albania,Europe,1980,2941651
Albania,Europe,1990,3295066
Albania,Europe,2000,3182021
Albania,Europe,2010,2913399
Albania,Europe,2015,2882481
Albania,Europe,2020,2866849
Albania,Europe,2022,2842321
Algeria,Africa,1970,13795915
Algeria,Africa,1980,18739378
Algeria,Africa,1990,25518074
Algeria,Africa,2000,30774621
Algeria,Africa,2010,35856344
Algeria,Africa,2015,39543154
Algeria,Africa,2020,43451666
Algeria,Africa,2022,44903225
American Samoa,Oceania,1970,27075
American Samoa,Oceania,1980,32886
American Samoa,Oceania,1990,47818
American Samoa,Oceania,2000,58230
American Samoa,Oceania,2010,54849
American Samoa,Oceania,2015,51368
American Samoa,Oceania,2020,46189
American Samoa,Oceania,2022,44273
Andorra,Europe,1970,19860
Andorra,Europe,1980,35611
Andorra,Europe,1990,53569
Andorra,Europe,2000,66097
Andorra,Europe,2010,71519
Andorra,Europe,2015,71746
Andorra,Europe,2020,77700
Andorra,Europe,2022,79824
Angola,Africa,1970,6029700
Angola,Africa,1980,8330047
Angola,Africa,1990,11828638
Angola,Africa,2000,16394062
Angola,Africa,2010,23364185
Angola,Africa,2015,28127721
Angola,Africa,2020,33428485
Angola,Africa,2022,35588987
Anguilla,North America,1970,6283
Anguilla,North America,1980,6560
Anguilla,North America,1990,8316
Anguilla,North America,2000,11047
Anguilla,North America,2010,13172
Anguilla,North America,2015,14525
Anguilla,North America,2020,15585
Anguilla,North America,2022,15857
Antigua and Barbuda,North America,1970,64516
Antigua and Barbuda,North America,1980,64888
Antigua and Barbuda,North America,1990,63328
Antigua and Barbuda,North America,2000,75055
Antigua and Barbuda,North America,2010,85695
Antigua and Barbuda,North America,2015,89941
Antigua and Barbuda,North America,2020,92664
Antigua and Barbuda,North America,2022,93763
Argentina,South America,1970,23842803
Argentina,South America,1980,28024803
Argentina,South America,1990,32637657
Argentina,South America,2000,37070774
Argentina,South America,2010,41100123
Argentina,South America,2015,43257065
Argentina,South America,2020,45036032
Argentina,South America,2022,45510318
Armenia,Asia,1970,2534377
Armenia,Asia,1980,3135123
Armenia,Asia,1990,3556539
Armenia,Asia,2000,3168523
Armenia,Asia,2010,2946293
Armenia,Asia,2015,2878595
Armenia,Asia,2020,2805608
Armenia,Asia,2022,2780469
Aruba,North America,1970,59106
Aruba,North America,1980,62267
Aruba,North America,1990,65712
Aruba,North America,2000,89101
Aruba,North America,2010,100341
Aruba,North America,2015,104257
Aruba,North America,2020,106585
Aruba,North America,2022,106445
Australia,Oceania,1970,12595034
Australia,Oceania,1980,14706322
Australia,Oceania,1990,17048003
Australia,Oceania,2000,19017963
Australia,Oceania,2010,22019168
Australia,Oceania,2015,23820236
Australia,Oceania,2020,25670051
Australia,Oceania,2022,26177413
Austria,Europe,1970,7465301
Austria,Europe,1980,7547561
Austria,Europe,1990,7678729
Austria,Europe,2000,8010428
Austria,Europe,2010,8362829
Austria,Europe,2015,8642421
Austria,Europe,2020,8907777
Austria,Europe,2022,8939617
Azerbaijan,Asia,1970,5425317
Azerbaijan,Asia,1980,6383060
Azerbaijan,Asia,1990,7427836
Azerbaijan,Asia,2000,8190337
Azerbaijan,Asia,2010,9237202
Azerbaijan,Asia,2015,9863480
Azerbaijan,Asia,2020,10284951
Azerbaijan,Asia,2022,10358074
Bahamas,North America,1970,179129
Bahamas,North America,1980,223752
Bahamas,North America,1990,270679
Bahamas,North America,2000,325014
Bahamas,North America,2010,373272
Bahamas,North America,2015,392697
Bahamas,North America,2020,406471
Bahamas,North America,2022,409984
Bahrain,Asia,1970,222555
Bahrain,Asia,1980,362595
Bahrain,Asia,1990,517418
Bahrain,Asia,2000,711442
Bahrain,Asia,2010,1213645
Bahrain,Asia,2015,1362142
Bahrain,Asia,2020,1477469
Bahrain,Asia,2022,1472233
Bangladesh,Asia,1970,67541860
Bangladesh,Asia,1980,83929765
Bangladesh,Asia,1990,107147651
Bangladesh,Asia,2000,129193327
Bangladesh,Asia,2010,148391139
Bangladesh,Asia,2015,157830000
Bangladesh,Asia,2020,167420951
Bangladesh,Asia,2022,171186372
Barbados,North America,1970,241397
Barbados,North America,1980,253575
Barbados,North America,1990,258868
Barbados,North America,2000,264657
Barbados,North America,2010,274711
Barbados,North America,2015,278083
Barbados,North America,2020,280693
Barbados,North America,2022,281635
Belarus,Europe,1970,9170786
Belarus,Europe,1980,9817257
Belarus,Europe,1990,10428525
Belarus,Europe,2000,10256483
Belarus,Europe,2010,9731427
Belarus,Europe,2015,9700609
Belarus,Europe,2020,9633740
Belarus,Europe,2022,9534954
Belgium,Europe,1970,9629376
Belgium,Europe,1980,9828986
Belgium,Europe,1990,9959560
Belgium,Europe,2000,10264343
Belgium,Europe,2010,10877947
Belgium,Europe,2015,11248303
Belgium,Europe,2020,11561717
Belgium,Europe,2022,11655930
Belize,North America,1970,120905
Belize,North America,1980,145133
Belize,North America,1990,182589
Belize,North America,2000,240406
Belize,North America,2010,322106
Belize,North America,2015,359871
Belize,North America,2020,394921
Belize,North America,2022,405272
Benin,Africa,1970,3023443
Benin,Africa,1980,3833939
Benin,Africa,1990,5133419
Benin,Africa,2000,6998023
Benin,Africa,2010,9445710
Benin,Africa,2015,10932783
Benin,Africa,2020,12643123
Benin,Africa,2022,13352864
Bermuda,North America,1970,52019
Bermuda,North America,1980,53565
Bermuda,North America,1990,57470
Bermuda,North America,2000,61371
Bermuda,North America,2010,63447
Bermuda,North America,2015,63144
Bermuda,North America,2020,64031
Bermuda,North America,2022,64184
Bhutan,Asia,1970,298894
Bhutan,Asia,1980,415257
Bhutan,Asia,1990,558442
Bhutan,Asia,2000,587207
Bhutan,Asia,2010,705516
Bhutan,Asia,2015,743274
Bhutan,Asia,2020,772506
Bhutan,Asia,2022,782455
Bolivia,South America,1970,4585693
Bolivia,South America,1980,5736088
Bolivia,South America,1990,7096194
Bolivia,South America,2000,8592656
Bolivia,South America,2010,10223270
Bolivia,South America,2015,11090085
Bolivia,South America,2020,11936162
Bolivia,South America,2022,12224110
Bosnia and Herzegovina,Europe,1970,3815561
Bosnia and Herzegovina,Europe,1980,4199820
Bosnia and Herzegovina,Europe,1990,4494310
Bosnia and Herzegovina,Europe,2000,4179350
Bosnia and Herzegovina,Europe,2010,3811088
Bosnia and Herzegovina,Europe,2015,3524324
Bosnia and Herzegovina,Europe,2020,3318407
Bosnia and Herzegovina,Europe,2022,3233526
Botswana,Africa,1970,592244
Botswana,Africa,1980,938578
Botswana,Africa,1990,1341474
Botswana,Africa,2000,1726985
Botswana,Africa,2010,2091664
Botswana,Africa,2015,2305171
Botswana,Africa,2020,2546402
Botswana,Africa,2022,2630296
Brazil,South America,1970,96369875
Brazil,South America,1980,122288383
Brazil,South America,1990,150706446
Brazil,South America,2000,175873720
Brazil,South America,2010,196353492
Brazil,South America,2015,205188205
Brazil,South America,2020,213196304
Brazil,South America,2022,215313498
British Virgin Islands,North America,1970,9581
British Virgin Islands,North America,1980,11109
British Virgin Islands,North America,1990,15617
British Virgin Islands,North America,2000,20104
British Virgin Islands,North America,2010,27556
British Virgin Islands,North America,2015,29366
British Virgin Islands,North America,2020,30910
British Virgin Islands,North America,2022,31305
Brunei,Asia,1970,133343
Brunei,Asia,1980,187921
Brunei,Asia,1990,261928
Brunei,Asia,2000,333926
Brunei,Asia,2010,396053
Brunei,Asia,2015,421437
Brunei,Asia,2020,441725
Brunei,Asia,2022,449002
Bulgaria,Europe,1970,8582950
Bulgaria,Europe,1980,8980606
Bulgaria,Europe,1990,8767778
Bulgaria,Europe,2000,8097691
Bulgaria,Europe,2010,7592273
Bulgaria,Europe,2015,7309253
Bulgaria,Europe,2020,6979175
Bulgaria,Europe,2022,6781953
Burkina Faso,Africa,1970,5611666
Burkina Faso,Africa,1980,6932967
Burkina Faso,Africa,1990,9131361
Burkina Faso,Africa,2000,11882888
Burkina Faso,Africa,2010,16116845
Burkina Faso,Africa,2015,18718019
Burkina Faso,Africa,2020,21522626
Burkina Faso,Africa,2022,22673762
Burundi,Africa,1970,3497834
Burundi,Africa,1980,4312834
Burundi,Africa,1990,5483793
Burundi,Africa,2000,6307659
Burundi,Africa,2010,9126605
Burundi,Africa,2015,10727148
Burundi,Africa,2020,12220227
Burundi,Africa,2022,12889576
Cambodia,Asia,1970,6708525
Cambodia,Asia,1980,6198959
Cambodia,Asia,1990,8910808
Cambodia,Asia,2000,12118841
Cambodia,Asia,2010,14363532
Cambodia,Asia,2015,15417523
Cambodia,Asia,2020,16396860
Cambodia,Asia,2022,16767842
Cameroon,Africa,1970,6452787
Cameroon,Africa,1980,8519891
Cameroon,Africa,1990,11430520
Cameroon,Africa,2000,15091594
Cameroon,Africa,2010,19878036
Cameroon,Africa,2015,23012646
Cameroon,Africa,2020,26491087
Cameroon,Africa,2022,27914536
Canada,North America,1970,21434577
Canada,North America,1980,24511510
Canada,North America,1990,27657204
Canada,North America,2000,30683313
Canada,North America,2010,33963412
Canada,North America,2015,35732126
Canada,North America,2020,37888705
Canada,North America,2022,38454327
Cape Verde,Africa,1970,287262
Cape Verde,Africa,1980,317234
Cape Verde,Africa,1990,364563
Cape Verde,Africa,2000,458251
Cape Verde,Africa,2010,521212
Cape Verde,Africa,2015,552166
Cape Verde,Africa,2020,582640
Cape Verde,Africa,2022,593149
Cayman Islands,North America,1970,10533
Cayman Islands,North America,1980,17100
Cayman Islands,North America,1990,26027
Cayman Islands,North America,2000,39658
Cayman Islands,North America,2010,54074
Cayman Islands,North America,2015,60911
Cayman Islands,North America,2020,67311
Cayman Islands,North America,2022,68706
Central African Republic,Africa,1970,2067356
Central African Republic,Africa,1980,2415276
Central African Republic,Africa,1990,2809221
Central African Republic,Africa,2000,3759170
Central African Republic,Africa,2010,4660067
Central African Republic,Africa,2015,4819333
Central African Republic,Africa,2020,5343020
Central African Republic,Africa,2022,5579144
Chad,Africa,1970,3667394
Chad,Africa,1980,4408230
Chad,Africa,1990,5827069
Chad,Africa,2000,8259137
Chad,Africa,2010,11894727
Chad,Africa,2015,14140274
Chad,Africa,2020,16644701
Chad,Africa,2022,17723315
Chile,South America,1970,9820481
Chile,South America,1980,11469828
Chile,South America,1990,13342868
Chile,South America,2000,15351799
Chile,South America,2010,17004162
Chile,South America,2015,17870124
Chile,South America,2020,19300315
Chile,South America,2022,19603733
China,Asia,1970,822534450
China,Asia,1980,982372466
China,Asia,1990,1153704252
China,Asia,2000,1264099069
China,Asia,2010,1348191368
China,Asia,2015,1393715448
China,Asia,2020,1424929781
China,Asia,2022,1425887337
Colombia,South America,1970,20905254
Colombia,South America,1980,26176195
Colombia,South America,1990,32601393
Colombia,South America,2000,39215135
Colombia,South America,2010,44816108
Colombia,South America,2015,47119728
Colombia,South America,2020,50930662
Colombia,South America,2022,51874024
Comoros,Africa,1970,242351
Comoros,Africa,1980,328328
Comoros,Africa,1990,431119
Comoros,Africa,2000,536758
Comoros,Africa,2010,656024
Comoros,Africa,2015,730216
Comoros,Africa,2020,806166
Comoros,Africa,2022,836774
Cook Islands,Oceania,1970,20470
Cook Islands,Oceania,1980,17651
Cook Islands,Oceania,1990,17123
Cook Islands,Oceania,2000,15897
Cook Islands,Oceania,2010,17212
Cook Islands,Oceania,2015,17695
Cook Islands,Oceania,2020,17029
Cook Islands,Oceania,2022,17011
Costa Rica,North America,1970,1855697
Costa Rica,North America,1980,2414303
Costa Rica,North America,1990,3158253
Costa Rica,North America,2000,3979193
Costa Rica,North America,2010,4622252
Costa Rica,North America,2015,4895242
Costa Rica,North America,2020,5123105
Costa Rica,North America,2022,5180829
Croatia,Europe,1970,4492638
Croatia,Europe,1980,4680144
Croatia,Europe,1990,4873707
Croatia,Europe,2000,4548434
Croatia,Europe,2010,4368682
Croatia,Europe,2015,4254815
Croatia,Europe,2020,4096868
Croatia,Europe,2022,4030358
Cuba,North America,1970,8869636
Cuba,North America,1980,9809107
Cuba,North America,1990,10626680
Cuba,North America,2000,11105791
Cuba,North America,2010,11290417
Cuba,North America,2015,11339894
Cuba,North America,2020,11300698
Cuba,North America,2022,11212191
Curacao,North America,1970,150385
Curacao,North America,1980,156851
Curacao,North America,1990,155446
Curacao,North America,2000,141424
Curacao,North America,2010,159380
Curacao,North America,2015,169572
Curacao,North America,2020,189288
Curacao,North America,2022,191163
Cyprus,Europe,1970,640804
Cyprus,Europe,1980,679327
Cyprus,Europe,1990,788500
Cyprus,Europe,2000,948237
Cyprus,Europe,2010,1129686
Cyprus,Europe,2015,1187280
Cyprus,Europe,2020,1237537
Cyprus,Europe,2022,1251488
Czech Republic,Europe,1970,9795744
Czech Republic,Europe,1980,10270060
Czech Republic,Europe,1990,10301192
Czech Republic,Europe,2000,10234710
Czech Republic,Europe,2010,10464749
Czech Republic,Europe,2015,10523798
Czech Republic,Europe,2020,10530953
Czech Republic,Europe,2022,10493986
DR Congo,Africa,1970,20151733
DR Congo,Africa,1980,26708686
DR Congo,Africa,1990,35987541
DR Congo,Africa,2000,48616317
DR Congo,Africa,2010,66391257
DR Congo,Africa,2015,78656904
DR Congo,Africa,2020,92853164
DR Congo,Africa,2022,99010212
Denmark,Europe,1970,4922963
Denmark,Europe,1980,5125392
Denmark,Europe,1990,5144623
Denmark,Europe,2000,5340655
Denmark,Europe,2010,5550849
Denmark,Europe,2015,5677796
Denmark,Europe,2020,5825641
Denmark,Europe,2022,5882261
Djibouti,Africa,1970,144379
Djibouti,Africa,1980,324121
Djibouti,Africa,1990,577173
Djibouti,Africa,2000,742033
Djibouti,Africa,2010,919199
Djibouti,Africa,2015,1006259
Djibouti,Africa,2020,1090156
Djibouti,Africa,2022,1120849
Dominica,North America,1970,68895
Dominica,North America,1980,72978
Dominica,North America,1990,69481
Dominica,North America,2000,68346
Dominica,North America,2010,68755
Dominica,North America,2015,70007
Dominica,North America,2020,71995
Dominica,North America,2022,72737
Dominican Republic,North America,1970,4475871
Dominican Republic,North America,1980,5755800
Dominican Republic,North America,1990,7129004
Dominican Republic,North America,2000,8540791
Dominican Republic,North America,2010,9775755
Dominican Republic,North America,2015,10405832
Dominican Republic,North America,2020,10999664
Dominican Republic,North America,2022,11228821
Ecuador,South America,1970,6172215
Ecuador,South America,1980,8135845
Ecuador,South America,1990,10449837
Ecuador,South America,2000,12626507
Ecuador,South America,2010,14989585
Ecuador,South America,2015,16195902
Ecuador,South America,2020,17588595
Ecuador,South America,2022,18001000
Egypt,Africa,1970,34781986
Egypt,Africa,1980,43748556
Egypt,Africa,1990,57214630
Egypt,Africa,2000,71371371
Egypt,Africa,2010,87252413
Egypt,Africa,2015,97723799
Egypt,Africa,2020,107465134
Egypt,Africa,2022,110990103
El Salvador,North America,1970,3619090
El Salvador,North America,1980,4508992
El Salvador,North America,1990,5367179
El Salvador,North America,2000,5958482
El Salvador,North America,2010,6114034
El Salvador,North America,2015,6231066
El Salvador,North America,2020,6292731
El Salvador,North America,2022,6336392
Equatorial Guinea,Africa,1970,316955
Equatorial Guinea,Africa,1980,282509
Equatorial Guinea,Africa,1990,465549
Equatorial Guinea,Africa,2000,684977
Equatorial Guinea,Africa,2010,1094524
Equatorial Guinea,Africa,2015,1346973
Equatorial Guinea,Africa,2020,1596049
Equatorial Guinea,Africa,2022,1674908
Eritrea,Africa,1970,1272748
Eritrea,Africa,1980,1657982
Eritrea,Africa,1990,2149960
Eritrea,Africa,2000,2392880
Eritrea,Africa,2010,3147727
Eritrea,Africa,2015,3340006
Eritrea,Africa,2020,3555868
Eritrea,Africa,2022,3684032
Estonia,Europe,1970,1361999
Estonia,Europe,1980,1476983
Estonia,Europe,1990,1570674
Estonia,Europe,2000,1396877
Estonia,Europe,2010,1331535
Estonia,Europe,2015,1314657
Estonia,Europe,2020,1329444
Estonia,Europe,2022,1326062
Eswatini,Africa,1970,442865
Eswatini,Africa,1980,598564
Eswatini,Africa,1990,854011
Eswatini,Africa,2000,1030496
Eswatini,Africa,2010,1099920
Eswatini,Africa,2015,1133936
Eswatini,Africa,2020,1180655
Eswatini,Africa,2022,1201670
Ethiopia,Africa,1970,28308246
Ethiopia,Africa,1980,34945469
Ethiopia,Africa,1990,47878073
Ethiopia,Africa,2000,67031867
Ethiopia,Africa,2010,89237791
Ethiopia,Africa,2015,102471895
Ethiopia,Africa,2020,117190911
Ethiopia,Africa,2022,123379924
Falkland Islands,South America,1970,2274
Falkland Islands,South America,1980,2240
Falkland Islands,South America,1990,2332
Falkland Islands,South America,2000,3080
Falkland Islands,South America,2010,3187
Falkland Islands,South America,2015,3408
Falkland Islands,South America,2020,3747
Falkland Islands,South America,2022,3780
Faroe Islands,Europe,1970,38416
Faroe Islands,Europe,1980,43054
Faroe Islands,Europe,1990,47479
Faroe Islands,Europe,2000,45660
Faroe Islands,Europe,2010,48410
Faroe Islands,Europe,2015,48816
Faroe Islands,Europe,2020,52415
Faroe Islands,Europe,2022,53090
Fiji,Oceania,1970,527634
Fiji,Oceania,1980,644582
Fiji,Oceania,1990,780430
Fiji,Oceania,2000,832509
Fiji,Oceania,2010,905169
Fiji,Oceania,2015,917200
Fiji,Oceania,2020,920422
Fiji,Oceania,2022,929766
Finland,Europe,1970,4606621
Finland,Europe,1980,4779418
Finland,Europe,1990,4986545
Finland,Europe,2000,5176209
Finland,Europe,2010,5363271
Finland,Europe,2015,5479461
Finland,Europe,2020,5529468
Finland,Europe,2022,5540745
France,Europe,1970,50523586
France,Europe,1980,53713830
France,Europe,1990,56412897
France,Europe,2000,58665453
France,Europe,2010,62444567
France,Europe,2015,63809769
France,Europe,2020,64480053
France,Europe,2022,64626628
French Guiana,South America,1970,46484
French Guiana,South America,1980,66825
French Guiana,South America,1990,113931
French Guiana,South America,2000,164351
French Guiana,South America,2010,228453
French Guiana,South America,2015,257026
French Guiana,South America,2020,290969
French Guiana,South America,2022,304557
French Polynesia,Oceania,1970,117891
French Polynesia,Oceania,1980,163591
French Polynesia,Oceania,1990,211089
French Polynesia,Oceania,2000,250927
French Polynesia,Oceania,2010,283788
French Polynesia,Oceania,2015,291787
French Polynesia,Oceania,2020,301920
French Polynesia,Oceania,2022,306279
Gabon,Africa,1970,597192
Gabon,Africa,1980,749078
Gabon,Africa,1990,983028
Gabon,Africa,2000,1272935
Gabon,Africa,2010,1711105
Gabon,Africa,2015,2028517
Gabon,Africa,2020,2292573
Gabon,Africa,2022,2388992
Gambia,Africa,1970,528731
Gambia,Africa,1980,718586
Gambia,Africa,1990,1040616
Gambia,Africa,2000,1437539
Gambia,Africa,2010,1937275
Gambia,Africa,2015,2253133
Gambia,Africa,2020,2573995
Gambia,Africa,2022,2705992
Georgia,Asia,1970,4800426
Georgia,Asia,1980,5145843
Georgia,Asia,1990,5391636
Georgia,Asia,2000,4265172
Georgia,Asia,2010,3836831
Georgia,Asia,2015,3771132
Georgia,Asia,2020,3765912
Georgia,Asia,2022,3744385
Germany,Europe,1970,78294583
Germany,Europe,1980,77786703
Germany,Europe,1990,79370196
Germany,Europe,2000,81551677
Germany,Europe,2010,81325090
Germany,Europe,2015,82073226
Germany,Europe,2020,83328988
Germany,Europe,2022,83369843
Ghana,Africa,1970,8861895
Ghana,Africa,1980,11865246
Ghana,Africa,1990,15446982
Ghana,Africa,2000,19665502
Ghana,Africa,2010,25574719
Ghana,Africa,2015,28870939
Ghana,Africa,2020,32180401
Ghana,Africa,2022,33475870
Gibraltar,Europe,1970,26685
Gibraltar,Europe,1980,28734
Gibraltar,Europe,1990,27317
Gibraltar,Europe,2000,27741
Gibraltar,Europe,2010,31262
Gibraltar,Europe,2015,32520
Gibraltar,Europe,2020,32709
Gibraltar,Europe,2022,32649
Greece,Europe,1970,8544873
Greece,Europe,1980,9307148
Greece,Europe,1990,10302255
Greece,Europe,2000,11038109
Greece,Europe,2010,11033783
Greece,Europe,2015,10806641
Greece,Europe,2020,10512232
Greece,Europe,2022,10384971
Greenland,North America,1970,45434
Greenland,North America,1980,50106
Greenland,North America,1990,55599
Greenland,North America,2000,56184
Greenland,North America,2010,56351
Greenland,North America,2015,55895
Greenland,North America,2020,56026
Greenland,North America,2022,56466
Grenada,North America,1970,98794
Grenada,North America,1980,94838
Grenada,North America,1990,99047
Grenada,North America,2000,107432
Grenada,North America,2010,114039
Grenada,North America,2015,118980
Grenada,North America,2020,123663
Grenada,North America,2022,125438
Guadeloupe,North America,1970,318310
Guadeloupe,North America,1980,334234
Guadeloupe,North America,1990,391951
Guadeloupe,North America,2000,424067
Guadeloupe,North America,2010,403072
Guadeloupe,North America,2015,399089
Guadeloupe,North America,2020,395642
Guadeloupe,North America,2022,395752
Guam,Oceania,1970,88300
Guam,Oceania,1980,110286
Guam,Oceania,1990,138263
Guam,Oceania,2000,160188
Guam,Oceania,2010,164905
Guam,Oceania,2015,167978
Guam,Oceania,2020,169231
Guam,Oceania,2022,171774
Guatemala,North America,1970,5453208
Guatemala,North America,1980,6987767
Guatemala,North America,1990,9084780
Guatemala,North America,2000,11735894
Guatemala,North America,2010,14543121
Guatemala,North America,2015,16001107
Guatemala,North America,2020,17362718
Guatemala,North America,2022,17843908
Guernsey,Europe,1970,52656
Guernsey,Europe,1980,52860
Guernsey,Europe,1990,57727
Guernsey,Europe,2000,59114
Guernsey,Europe,2010,60782
Guernsey,Europe,2015,61629
Guernsey,Europe,2020,62794
Guernsey,Europe,2022,63301
Guinea,Africa,1970,4222374
Guinea,Africa,1980,4972609
Guinea,Africa,1990,6354145
Guinea,Africa,2000,8336967
Guinea,Africa,2010,10270728
Guinea,Africa,2015,11625998
Guinea,Africa,2020,13205153
Guinea,Africa,2022,13859341
Guinea-Bissau,Africa,1970,591663
Guinea-Bissau,Africa,1980,831462
Guinea-Bissau,Africa,1990,973551
Guinea-Bissau,Africa,2000,1230849
Guinea-Bissau,Africa,2010,1567220
Guinea-Bissau,Africa,2015,1788919
Guinea-Bissau,Africa,2020,2015828
Guinea-Bissau,Africa,2022,2105566
Guyana,South America,1970,705261
Guyana,South America,1980,778176
Guyana,South America,1990,747116
Guyana,South America,2000,759051
Guyana,South America,2010,747932
Guyana,South America,2015,755031
Guyana,South America,2020,797202
Guyana,South America,2022,808726
Haiti,North America,1970,4680812
Haiti,North America,1980,5646676
Haiti,North America,1990,6925331
Haiti,North America,2000,8360225
Haiti,North America,2010,9842880
Haiti,North America,2015,10563757
Haiti,North America,2020,11306801
Haiti,North America,2022,11584996
Honduras,North America,1970,2782753
Honduras,North America,1980,3777990
Honduras,North America,1990,5053234
Honduras,North America,2000,6656725
Honduras,North America,2010,8450933
Honduras,North America,2015,9294505
Honduras,North America,2020,10121763
Honduras,North America,2022,10432860
Hong Kong,Asia,1970,3955072
Hong Kong,Asia,1980,4978544
Hong Kong,Asia,1990,5838574
Hong Kong,Asia,2000,6731195
Hong Kong,Asia,2010,7132438
Hong Kong,Asia,2015,7399838
Hong Kong,Asia,2020,7500958
Hong Kong,Asia,2022,7488865
Hungary,Europe,1970,10315366
Hungary,Europe,1980,10698679
Hungary,Europe,1990,10375989
Hungary,Europe,2000,10202055
Hungary,Europe,2010,9986825
Hungary,Europe,2015,9844246
Hungary,Europe,2020,9750573
Hungary,Europe,2022,9967308
Iceland,Europe,1970,204468
Iceland,Europe,1980,228263
Iceland,Europe,1990,255019
Iceland,Europe,2000,281462
Iceland,Europe,2010,318333
Iceland,Europe,2015,331060
Iceland,Europe,2020,366669
Iceland,Europe,2022,372899
India,Asia,1970,557501301
India,Asia,1980,696828385
India,Asia,1990,870452165
India,Asia,2000,1059633675
India,Asia,2010,1240613620
India,Asia,2015,1322866505
India,Asia,2020,1396387127
India,Asia,2022,1417173173
Indonesia,Asia,1970,115228394
Indonesia,Asia,1980,148177096
Indonesia,Asia,1990,182159874
Indonesia,Asia,2000,214072421
Indonesia,Asia,2010,244016173
Indonesia,Asia,2015,259091970
Indonesia,Asia,2020,271857970
Indonesia,Asia,2022,275501339
Iran,Asia,1970,28449705
Iran,Asia,1980,38520664
Iran,Asia,1990,55793629
Iran,Asia,2000,65544383
Iran,Asia,2010,75373855
Iran,Asia,2015,81790841
Iran,Asia,2020,87290193
Iran,Asia,2022,88550570
Iraq,Asia,1970,9811347
Iraq,Asia,1980,13653369
Iraq,Asia,1990,17658381
Iraq,Asia,2000,24628858
Iraq,Asia,2010,31264875
Iraq,Asia,2015,37757813
Iraq,Asia,2020,42556984
Iraq,Asia,2022,44496122
Ireland,Europe,1970,2937637
Ireland,Europe,1980,3391387
Ireland,Europe,1990,3485374
Ireland,Europe,2000,3768950
Ireland,Europe,2010,4524585
Ireland,Europe,2015,4665760
Ireland,Europe,2020,4946119
Ireland,Europe,2022,5023109
Isle of Man,Europe,1970,55298
Isle of Man,Europe,1980,64022
Isle of Man,Europe,1990,68865
Isle of Man,Europe,2000,75562
Isle of Man,Europe,2010,83828
Isle of Man,Europe,2015,83593
Isle of Man,Europe,2020,84046
Isle of Man,Europe,2022,84519
Israel,Asia,1970,2907307
Israel,Asia,1980,3744608
Israel,Asia,1990,4803254
Israel,Asia,2000,6116958
Israel,Asia,2010,7328445
Israel,Asia,2015,8007778
Israel,Asia,2020,8757489
Israel,Asia,2022,9038309
Italy,Europe,1970,53324036
Italy,Europe,1980,56329482
Italy,Europe,1990,56756561
Italy,Europe,2000,56966397
Italy,Europe,2010,59822450
Italy,Europe,2015,60232906
Italy,Europe,2020,59500579
Italy,Europe,2022,59037474
Ivory Coast,Africa,1970,5477086
Ivory Coast,Africa,1980,8303809
Ivory Coast,Africa,1990,11910540
Ivory Coast,Africa,2000,16799670
Ivory Coast,Africa,2010,21120042
Ivory Coast,Africa,2015,23596741
Ivory Coast,Africa,2020,26811790
Ivory Coast,Africa,2022,28160542
Jamaica,North America,1970,1859091
Jamaica,North America,1980,2135546
Jamaica,North America,1990,2392030
Jamaica,North America,2000,2612205
Jamaica,North America,2010,2733896
Jamaica,North America,2015,2794445
Jamaica,North America,2020,2820436
Jamaica,North America,2022,2827377
Japan,Asia,1970,105416839
Japan,Asia,1980,117624196
Japan,Asia,1990,123686321
Japan,Asia,2000,126803861
Japan,Asia,2010,128105431
Japan,Asia,2015,127250933
Japan,Asia,2020,125244761
Japan,Asia,2022,123951692
Jersey,Europe,1970,68347
Jersey,Europe,1980,75124
Jersey,Europe,1990,82874
Jersey,Europe,2000,86192
Jersey,Europe,2010,96151
Jersey,Europe,2015,100561
Jersey,Europe,2020,108319
Jersey,Europe,2022,110778
Jordan,Asia,1970,1557374
Jordan,Asia,1980,2216903
Jordan,Asia,1990,3480587
Jordan,Asia,2000,5056174
Jordan,Asia,2010,6931258
Jordan,Asia,2015,9494246
Jordan,Asia,2020,10928721
Jordan,Asia,2022,11285869
Kazakhstan,Asia,1970,12265305
Kazakhstan,Asia,1980,14172710
Kazakhstan,Asia,1990,16866563
Kazakhstan,Asia,2000,15236253
Kazakhstan,Asia,2010,16627837
Kazakhstan,Asia,2015,17835909
Kazakhstan,Asia,2020,18979243
Kazakhstan,Asia,2022,19397998
Kenya,Africa,1970,11473087
Kenya,Africa,1980,16187124
Kenya,Africa,1990,23162269
Kenya,Africa,2000,30851606
Kenya,Africa,2010,41517895
Kenya,Africa,2015,46851488
Kenya,Africa,2020,51985780
Kenya,Africa,2022,54027487
Kiribati,Oceania,1970,57437
Kiribati,Oceania,1980,60813
Kiribati,Oceania,1990,75124
Kiribati,Oceania,2000,88826
Kiribati,Oceania,2010,107995
Kiribati,Oceania,2015,116707
Kiribati,Oceania,2020,126463
Kiribati,Oceania,2022,131232
Kuwait,Asia,1970,802786
Kuwait,Asia,1980,1493870
Kuwait,Asia,1990,1674938
Kuwait,Asia,2000,1934901
Kuwait,Asia,2010,2943356
Kuwait,Asia,2015,3908743
Kuwait,Asia,2020,4360444
Kuwait,Asia,2022,4268873
Kyrgyzstan,Asia,1970,3016384
Kyrgyzstan,Asia,1980,3691209
Kyrgyzstan,Asia,1990,4394734
Kyrgyzstan,Asia,2000,4935182
Kyrgyzstan,Asia,2010,5483774
Kyrgyzstan,Asia,2015,5914980
Kyrgyzstan,Asia,2020,6424874
Kyrgyzstan,Asia,2022,6630623
Laos,Asia,1970,2675283
Laos,Asia,1980,3297519
Laos,Asia,1990,4314443
Laos,Asia,2000,5430853
Laos,Asia,2010,6323418
Laos,Asia,2015,6787419
Laos,Asia,2020,7319399
Laos,Asia,2022,7529475
Latvia,Europe,1970,2397414
Latvia,Europe,1980,2572037
Latvia,Europe,1990,2689391
Latvia,Europe,2000,2392530
Latvia,Europe,2010,2101530
Latvia,Europe,2015,1991955
Latvia,Europe,2020,1897052
Latvia,Europe,2022,1850651
Lebanon,Asia,1970,2381791
Lebanon,Asia,1980,2963702
Lebanon,Asia,1990,3593700
Lebanon,Asia,2000,4320642
Lebanon,Asia,2010,4995800
Lebanon,Asia,2015,6398940
Lebanon,Asia,2020,5662923
Lebanon,Asia,2022,5489739
Lesotho,Africa,1970,1023481
Lesotho,Africa,1980,1407672
Lesotho,Africa,1990,1798997
Lesotho,Africa,2000,1998630
Lesotho,Africa,2010,2022747
Lesotho,Africa,2015,2118521
Lesotho,Africa,2020,2254100
Lesotho,Africa,2022,2305825
Liberia,Africa,1970,1463563
Liberia,Africa,1980,1932169
Liberia,Africa,1990,2209731
Liberia,Africa,2000,2895224
Liberia,Africa,2010,4019956
Liberia,Africa,2015,4612329
Liberia,Africa,2020,5087584
Liberia,Africa,2022,5302681
Libya,Africa,1970,1909177
Libya,Africa,1980,2962720
Libya,Africa,1990,4236983
Libya,Africa,2000,5154790
Libya,Africa,2010,6491988
Libya,Africa,2015,6192235
Libya,Africa,2020,6653942
Libya,Africa,2022,6812341
Liechtenstein,Europe,1970,21089
Liechtenstein,Europe,1980,25003
Liechtenstein,Europe,1990,28765
Liechtenstein,Europe,2000,33026
Liechtenstein,Europe,2010,35926
Liechtenstein,Europe,2015,37355
Liechtenstein,Europe,2020,38756
Liechtenstein,Europe,2022,39327
Lithuania,Europe,1970,3210147
Lithuania,Europe,1980,3521206
Lithuania,Europe,1990,3785847
Lithuania,Europe,2000,3599637
Lithuania,Europe,2010,3139019
Lithuania,Europe,2015,2963765
Lithuania,Europe,2020,2820267
Lithuania,Europe,2022,2750055
Luxembourg,Europe,1970,339342
Luxembourg,Europe,1980,363741
Luxembourg,Europe,1990,381267
Luxembourg,Europe,2000,435628
Luxembourg,Europe,2010,507070
Luxembourg,Europe,2015,569408
Luxembourg,Europe,2020,630399
Luxembourg,Europe,2022,647599
Macau,Asia,1970,247284
Macau,Asia,1980,245332
Macau,Asia,1990,350227
Macau,Asia,2000,431896
Macau,Asia,2010,557297
Macau,Asia,2015,615239
Macau,Asia,2020,676283
Macau,Asia,2022,695168
Madagascar,Africa,1970,6639751
Madagascar,Africa,1980,8948162
Madagascar,Africa,1990,11882762
Madagascar,Africa,2000,16216431
Madagascar,Africa,2010,21731053
Madagascar,Africa,2015,24850912
Madagascar,Africa,2020,28225177
Madagascar,Africa,2022,29611714
Malawi,Africa,1970,4625141
Malawi,Africa,1980,6267369
Malawi,Africa,1990,9539665
Malawi,Africa,2000,11229387
Malawi,Africa,2010,14718422
Malawi,Africa,2015,16938942
Malawi,Africa,2020,19377061
Malawi,Africa,2022,20405317
Malaysia,Asia,1970,10306508
Malaysia,Asia,1980,13215707
Malaysia,Asia,1990,17517054
Malaysia,Asia,2000,22945150
Malaysia,Asia,2010,28717731
Malaysia,Asia,2015,31068833
Malaysia,Asia,2020,33199993
Malaysia,Asia,2022,33938221
Maldives,Asia,1970,123243
Maldives,Asia,1980,164887
Maldives,Asia,1990,224957
Maldives,Asia,2000,282507
Maldives,Asia,2010,361575
Maldives,Asia,2015,435582
Maldives,Asia,2020,514438
Maldives,Asia,2022,523787
Mali,Africa,1970,6153587
Mali,Africa,1980,7372581
Mali,Africa,1990,8945026
Mali,Africa,2000,11239101
Mali,Africa,2010,15529181
Mali,Africa,2015,18112907
Mali,Africa,2020,21224040
Mali,Africa,2022,22593590
Malta,Europe,1970,315414
Malta,Europe,1980,333587
Malta,Europe,1990,365392
Malta,Europe,2000,399212
Malta,Europe,2010,418755
Malta,Europe,2015,456579
Malta,Europe,2020,515357
Malta,Europe,2022,533286
Marshall Islands,Oceania,1970,23969
Marshall Islands,Oceania,1980,31988
Marshall Islands,Oceania,1990,46047
Marshall Islands,Oceania,2000,54224
Marshall Islands,Oceania,2010,53416
Marshall Islands,Oceania,2015,49410
Marshall Islands,Oceania,2020,43413
Marshall Islands,Oceania,2022,41569
Martinique,North America,1970,326428
Martinique,North America,1980,333786
Martinique,North America,1990,374271
Martinique,North America,2000,432543
Martinique,North America,2010,392181
Martinique,North America,2015,383515
Martinique,North America,2020,370391
Martinique,North America,2022,367507
Mauritania,Africa,1970,1122198
Mauritania,Africa,1980,1506694
Mauritania,Africa,1990,2006027
Mauritania,Africa,2000,2695003
Mauritania,Africa,2010,3419461
Mauritania,Africa,2015,3946220
Mauritania,Africa,2020,4498604
Mauritania,Africa,2022,4736139
Mauritius,Africa,1970,830115
Mauritius,Africa,1980,954865
Mauritius,Africa,1990,1090290
Mauritius,Africa,2000,1215930
Mauritius,Africa,2010,1283330
Mauritius,Africa,2015,1293153
Mauritius,Africa,2020,1297828
Mauritius,Africa,2022,1299469
Mayotte,Africa,1970,35383
Mayotte,Africa,1980,52233
Mayotte,Africa,1990,92659
Mayotte,Africa,2000,159215
Mayotte,Africa,2010,211786
Mayotte,Africa,2015,249545
Mayotte,Africa,2020,305587
Mayotte,Africa,2022,326101
Mexico,North America,1970,50289306
Mexico,North America,1980,67705186
Mexico,North America,1990,81720428
Mexico,North America,2000,97873442
Mexico,North America,2010,112532401
Mexico,North America,2015,120149897
Mexico,North America,2020,125998302
Mexico,North America,2022,127504125
Micronesia,Oceania,1970,58989
Micronesia,Oceania,1980,76299
Micronesia,Oceania,1990,98603
Micronesia,Oceania,2000,111709
Micronesia,Oceania,2010,107588
Micronesia,Oceania,2015,109462
Micronesia,Oceania,2020,112106
Micronesia,Oceania,2022,114164
Moldova,Europe,1970,3711140
Moldova,Europe,1980,4103240
Moldova,Europe,1990,4480199
Moldova,Europe,2000,4251573
Moldova,Europe,2010,3678186
Moldova,Europe,2015,3277388
Moldova,Europe,2020,3084847
Moldova,Europe,2022,3272996
Monaco,Europe,1970,24270
Monaco,Europe,1980,27076
Monaco,Europe,1990,30329
Monaco,Europe,2000,32465
Monaco,Europe,2010,33178
Monaco,Europe,2015,36760
Monaco,Europe,2020,36922
Monaco,Europe,2022,36469
Mongolia,Asia,1970,1293880
Mongolia,Asia,1980,1697780
Mongolia,Asia,1990,2161433
Mongolia,Asia,2000,2450979
Mongolia,Asia,2010,2702520
Mongolia,Asia,2015,2964749
Mongolia,Asia,2020,3294335
Mongolia,Asia,2022,3398366
Montenegro,Europe,1970,530268
Montenegro,Europe,1980,589324
Montenegro,Europe,1990,621442
Montenegro,Europe,2000,633324
Montenegro,Europe,2010,631044
Montenegro,Europe,2015,633966
Montenegro,Europe,2020,629048
Montenegro,Europe,2022,627082
Montserrat,North America,1970,11402
Montserrat,North America,1980,11452
Montserrat,North America,1990,10805
Montserrat,North America,2000,5138
Montserrat,North America,2010,4938
Montserrat,North America,2015,5059
Montserrat,North America,2020,4500
Montserrat,North America,2022,4390
Morocco,Africa,1970,15274351
Morocco,Africa,1980,19678444
Morocco,Africa,1990,24570814
Morocco,Africa,2000,28554415
Morocco,Africa,2010,32464865
Morocco,Africa,2015,34680458
Morocco,Africa,2020,36688772
Morocco,Africa,2022,37457971
Mozambique,Africa,1970,8411676
Mozambique,Africa,1980,11413587
Mozambique,Africa,1990,13303459
Mozambique,Africa,2000,17768505
Mozambique,Africa,2010,23073723
Mozambique,Africa,2015,26843246
Mozambique,Africa,2020,31178239
Mozambique,Africa,2022,32969517
Myanmar,Asia,1970,27284112
Myanmar,Asia,1980,33465781
Myanmar,Asia,1990,40099553
Myanmar,Asia,2000,45538332
Myanmar,Asia,2010,49390988
Myanmar,Asia,2015,51483949
Myanmar,Asia,2020,53423198
Myanmar,Asia,2022,54179306
Namibia,Africa,1970,754467
Namibia,Africa,1980,975994
Namibia,Africa,1990,1369011
Namibia,Africa,2000,1819141
Namibia,Africa,2010,2099271
Namibia,Africa,2015,2282704
Namibia,Africa,2020,2489098
Namibia,Africa,2022,2567012
Nauru,Oceania,1970,6663
Nauru,Oceania,1980,7635
Nauru,Oceania,1990,9598
Nauru,Oceania,2000,10377
Nauru,Oceania,2010,10241
Nauru,Oceania,2015,11185
Nauru,Oceania,2020,12315
Nauru,Oceania,2022,12668
Nepal,Asia,1970,12501285
Nepal,Asia,1980,15600442
Nepal,Asia,1990,19616530
Nepal,Asia,2000,24559500
Nepal,Asia,2010,27161567
Nepal,Asia,2015,27610325
Nepal,Asia,2020,29348627
Nepal,Asia,2022,30547580
Netherlands,Europe,1970,13037686
Netherlands,Europe,1980,14130387
Netherlands,Europe,1990,14944548
Netherlands,Europe,2000,15899135
Netherlands,Europe,2010,16617116
Netherlands,Europe,2015,17041107
Netherlands,Europe,2020,17434557
Netherlands,Europe,2022,17564014
New Caledonia,Oceania,1970,110982
New Caledonia,Oceania,1980,148599
New Caledonia,Oceania,1990,177264
New Caledonia,Oceania,2000,221537
New Caledonia,Oceania,2010,261426
New Caledonia,Oceania,2015,283032
New Caledonia,Oceania,2020,286403
New Caledonia,Oceania,2022,289950
New Zealand,Oceania,1970,2824061
New Zealand,Oceania,1980,3147168
New Zealand,Oceania,1990,3397389
New Zealand,Oceania,2000,3855266
New Zealand,Oceania,2010,4346338
New Zealand,Oceania,2015,4590590
New Zealand,Oceania,2020,5061133
New Zealand,Oceania,2022,5185288
Nicaragua,North America,1970,2444767
Nicaragua,North America,1980,3303309
Nicaragua,North America,1990,4227820
Nicaragua,North America,2000,5123222
Nicaragua,North America,2010,5855734
Nicaragua,North America,2015,6298598
Nicaragua,North America,2020,6755895
Nicaragua,North America,2022,6948392
Niger,Africa,1970,4669708
Niger,Africa,1980,6173177
Niger,Africa,1990,8370647
Niger,Africa,2000,11622665
Niger,Africa,2010,16647543
Niger,Africa,2015,20128124
Niger,Africa,2020,24333639
Niger,Africa,2022,26207977
Nigeria,Africa,1970,55569264
Nigeria,Africa,1980,72951439
Nigeria,Africa,1990,95214257
Nigeria,Africa,2000,122851984
Nigeria,Africa,2010,160952853
Nigeria,Africa,2015,183995785
Nigeria,Africa,2020,208327405
Nigeria,Africa,2022,218541212
Niue,Oceania,1970,5185
Niue,Oceania,1980,3637
Niue,Oceania,1990,2533
Niue,Oceania,2000,2074
Niue,Oceania,2010,1812
Niue,Oceania,2015,1847
Niue,Oceania,2020,1942
Niue,Oceania,2022,1934
North Korea,Asia,1970,14996879
North Korea,Asia,1980,17973650
North Korea,Asia,1990,20799523
North Korea,Asia,2000,23367059
North Korea,Asia,2010,24686435
North Korea,Asia,2015,25258015
North Korea,Asia,2020,25867467
North Korea,Asia,2022,26069416
North Macedonia,Europe,1970,1656783
North Macedonia,Europe,1980,1907023
North Macedonia,Europe,1990,2044174
North Macedonia,Europe,2000,2037936
North Macedonia,Europe,2010,2093828
North Macedonia,Europe,2015,2107962
North Macedonia,Europe,2020,2111072
North Macedonia,Europe,2022,2093599
Northern Mariana Islands,Oceania,1970,10143
Northern Mariana Islands,Oceania,1980,17613
Northern Mariana Islands,Oceania,1990,48002
Northern Mariana Islands,Oceania,2000,80338
Northern Mariana Islands,Oceania,2010,54087
Northern Mariana Islands,Oceania,2015,51514
Northern Mariana Islands,Oceania,2020,49587
Northern Mariana Islands,Oceania,2022,49551
Norway,Europe,1970,3875546
Norway,Europe,1980,4085776
Norway,Europe,1990,4241636
Norway,Europe,2000,4491202
Norway,Europe,2010,4889741
Norway,Europe,2015,5190356
Norway,Europe,2020,5379839
Norway,Europe,2022,5434319
Oman,Asia,1970,670693
Oman,Asia,1980,1017462
Oman,Asia,1990,1804524
Oman,Asia,2000,2344253
Oman,Asia,2010,2881914
Oman,Asia,2015,4191776
Oman,Asia,2020,4543399
Oman,Asia,2022,4576298
Pakistan,Asia,1970,59290872
Pakistan,Asia,1980,80624057
Pakistan,Asia,1990,115414069
Pakistan,Asia,2000,154369924
Pakistan,Asia,2010,194454498
Pakistan,Asia,2015,210969298
Pakistan,Asia,2020,227196741
Pakistan,Asia,2022,235824862
Palau,Oceania,1970,11366
Palau,Oceania,1980,12252
Palau,Oceania,1990,15293
Palau,Oceania,2000,19726
Palau,Oceania,2010,18540
Palau,Oceania,2015,17794
Palau,Oceania,2020,17972
Palau,Oceania,2022,18055
Palestine,Asia,1970,1118241
Palestine,Asia,1980,1453620
Palestine,Asia,1990,2124609
Palestine,Asia,2000,3139954
Palestine,Asia,2010,3992278
Palestine,Asia,2015,4484614
Palestine,Asia,2020,5019401
Palestine,Asia,2022,5250072
Panama,North America,1970,1516188
Panama,North America,1980,1956987
Panama,North America,1990,2449968
Panama,North America,2000,3001731
Panama,North America,2010,3623617
Panama,North America,2015,3957099
Panama,North America,2020,4294396
Panama,North America,2022,4408581
Papua New Guinea,Oceania,1970,2489059
Papua New Guinea,Oceania,1980,3104788
Papua New Guinea,Oceania,1990,3864972
Papua New Guinea,Oceania,2000,5508297
Papua New Guinea,Oceania,2010,7583269
Papua New Guinea,Oceania,2015,8682174
Papua New Guinea,Oceania,2020,9749640
Papua New Guinea,Oceania,2022,10142619
Paraguay,South America,1970,2408787
Paraguay,South America,1980,3078912
Paraguay,South America,1990,4059195
Paraguay,South America,2000,5123819
Paraguay,South America,2010,5768613
Paraguay,South America,2015,6177950
Paraguay,South America,2020,6618695
Paraguay,South America,2022,6780744
Peru,South America,1970,13562371
Peru,South America,1980,17492406
Peru,South America,1990,22109099
Peru,South America,2000,26654439
Peru,South America,2010,29229572
Peru,South America,2015,30711863
Peru,South America,2020,33304756
Peru,South America,2022,34049588
Philippines,Asia,1970,37435586
Philippines,Asia,1980,48419546
Philippines,Asia,1990,61558898
Philippines,Asia,2000,77958223
Philippines,Asia,2010,94636700
Philippines,Asia,2015,103031365
Philippines,Asia,2020,112190977
Philippines,Asia,2022,115559009
Poland,Europe,1970,32482943
Poland,Europe,1980,35521429
Poland,Europe,1990,38064255
Poland,Europe,2000,38504431
Poland,Europe,2010,38597353
Poland,Europe,2015,38553146
Poland,Europe,2020,38428366
Poland,Europe,2022,39857145
Portugal,Europe,1970,8683631
Portugal,Europe,1980,9785252
Portugal,Europe,1990,10007346
Portugal,Europe,2000,10300626
Portugal,Europe,2010,10588401
Portugal,Europe,2015,10365435
Portugal,Europe,2020,10298192
Portugal,Europe,2022,10270865
Puerto Rico,North America,1970,2737619
Puerto Rico,North America,1980,3214568
Puerto Rico,North America,1990,3543776
Puerto Rico,North America,2000,3827108
Puerto Rico,North America,2010,3717922
Puerto Rico,North America,2015,3497335
Puerto Rico,North America,2020,3271564
Puerto Rico,North America,2022,3252407
Qatar,Asia,1970,118007
Qatar,Asia,1980,277450
Qatar,Asia,1990,441675
Qatar,Asia,2000,645937
Qatar,Asia,2010,1713504
Qatar,Asia,2015,2414573
Qatar,Asia,2020,2760385
Qatar,Asia,2022,2695122
Republic of the Congo,Africa,1970,1396989
Republic of the Congo,Africa,1980,1829256
Republic of the Congo,Africa,1990,2385435
Republic of the Congo,Africa,2000,3134030
Republic of the Congo,Africa,2010,4437884
Republic of the Congo,Africa,2015,5064386
Republic of the Congo,Africa,2020,5702174
Republic of the Congo,Africa,2022,5970424
Reunion,Africa,1970,473925
Reunion,Africa,1980,551674
Reunion,Africa,1990,658992
Reunion,Africa,2000,785424
Reunion,Africa,2010,890130
Reunion,Africa,2015,922495
Reunion,Africa,2020,957822
Reunion,Africa,2022,974052
Romania,Europe,1970,19922618
Romania,Europe,1980,22125224
Romania,Europe,1990,22836234
Romania,Europe,2000,21919876
Romania,Europe,2010,20335211
Romania,Europe,2015,19906079
Romania,Europe,2020,19442038
Romania,Europe,2022,19659267
Russia,Europe,1970,130093010
Russia,Europe,1980,138257420
Russia,Europe,1990,148005704
Russia,Europe,2000,146844839
Russia,Europe,2010,143242599
Russia,Europe,2015,144668389
Russia,Europe,2020,145617329
Russia,Europe,2022,144713314
Rwanda,Africa,1970,3896367
Rwanda,Africa,1980,5247532
Rwanda,Africa,1990,7319962
Rwanda,Africa,2000,8109989
Rwanda,Africa,2010,10309031
Rwanda,Africa,2015,11642959
Rwanda,Africa,2020,13146362
Rwanda,Africa,2022,13776698
Saint Barthelemy,North America,1970,2417
Saint Barthelemy,North America,1980,2983
Saint Barthelemy,North America,1990,5168
Saint Barthelemy,North America,2000,7082
Saint Barthelemy,North America,2010,8988
Saint Barthelemy,North America,2015,9643
Saint Barthelemy,North America,2020,10681
Saint Barthelemy,North America,2022,10967
Saint Kitts and Nevis,North America,1970,44968
Saint Kitts and Nevis,North America,1980,43097
Saint Kitts and Nevis,North America,1990,40636
Saint Kitts and Nevis,North America,2000,45461
Saint Kitts and Nevis,North America,2010,47403
Saint Kitts and Nevis,North America,2015,47790
Saint Kitts and Nevis,North America,2020,47642
Saint Kitts and Nevis,North America,2022,47657
Saint Lucia,North America,1970,103090
Saint Lucia,North America,1980,121633
Saint Lucia,North America,1990,142301
Saint Lucia,North America,2000,159500
Saint Lucia,North America,2010,170935
Saint Lucia,North America,2015,175623
Saint Lucia,North America,2020,179237
Saint Lucia,North America,2022,179857
Saint Martin,North America,1970,5802
Saint Martin,North America,1980,7776
Saint Martin,North America,1990,28127
Saint Martin,North America,2000,29610
Saint Martin,North America,2010,36458
Saint Martin,North America,2015,35020
Saint Martin,North America,2020,32552
Saint Martin,North America,2022,31791
Saint Pierre and Miquelon,North America,1970,5537
Saint Pierre and Miquelon,North America,1980,6106
Saint Pierre and Miquelon,North America,1990,6324
Saint Pierre and Miquelon,North America,2000,6274
Saint Pierre and Miquelon,North America,2010,6052
Saint Pierre and Miquelon,North America,2015,5978
Saint Pierre and Miquelon,North America,2020,5906
Saint Pierre and Miquelon,North America,2022,5862
Saint Vincent and the Grenadines,North America,1970,98459
Saint Vincent and the Grenadines,North America,1980,107480
Saint Vincent and the Grenadines,North America,1990,112487
Saint Vincent and the Grenadines,North America,2000,113813
Saint Vincent and the Grenadines,North America,2010,109308
Saint Vincent and the Grenadines,North America,2015,106482
Saint Vincent and the Grenadines,North America,2020,104632
Saint Vincent and the Grenadines,North America,2022,103948
Samoa,Oceania,1970,142771
Samoa,Oceania,1980,164905
Samoa,Oceania,1990,168186
Samoa,Oceania,2000,184008
Samoa,Oceania,2010,194672
Samoa,Oceania,2015,203571
Samoa,Oceania,2020,214929
Samoa,Oceania,2022,222382
San Marino,Europe,1970,18169
San Marino,Europe,1980,21346
San Marino,Europe,1990,23132
San Marino,Europe,2000,26823
San Marino,Europe,2010,31608
San Marino,Europe,2015,33570
San Marino,Europe,2020,34007
San Marino,Europe,2022,33660
Sao Tome and Principe,Africa,1970,77583
Sao Tome and Principe,Africa,1980,97210
Sao Tome and Principe,Africa,1990,120343
Sao Tome and Principe,Africa,2000,143714
Sao Tome and Principe,Africa,2010,182138
Sao Tome and Principe,Africa,2015,201124
Sao Tome and Principe,Africa,2020,218641
Sao Tome and Principe,Africa,2022,227380
Saudi Arabia,Asia,1970,6106191
Saudi Arabia,Asia,1980,10171710
Saudi Arabia,Asia,1990,16004763
Saudi Arabia,Asia,2000,21547390
Saudi Arabia,Asia,2010,29411929
Saudi Arabia,Asia,2015,32749848
Saudi Arabia,Asia,2020,35997107
Saudi Arabia,Asia,2022,36408820
Senegal,Africa,1970,4367744
Senegal,Africa,1980,5703869
Senegal,Africa,1990,7536001
Senegal,Africa,2000,9704287
Senegal,Africa,2010,12530121
Senegal,Africa,2015,14356181
Senegal,Africa,2020,16436119
Senegal,Africa,2022,17316449
Serbia,Europe,1970,7193533
Serbia,Europe,1980,7777010
Serbia,Europe,1990,7987529
Serbia,Europe,2000,7935022
Serbia,Europe,2010,7653748
Serbia,Europe,2015,7519496
Serbia,Europe,2020,7358005
Serbia,Europe,2022,7221365
Seychelles,Africa,1970,54379
Seychelles,Africa,1980,65290
Seychelles,Africa,1990,71057
Seychelles,Africa,2000,80060
Seychelles,Africa,2010,92409
Seychelles,Africa,2015,99240
Seychelles,Africa,2020,105530
Seychelles,Africa,2022,107118
Sierra Leone,Africa,1970,2778557
Sierra Leone,Africa,1980,3367477
Sierra Leone,Africa,1990,4325388
Sierra Leone,Africa,2000,4584067
Sierra Leone,Africa,2010,6436698
Sierra Leone,Africa,2015,7314773
Sierra Leone,Africa,2020,8233969
Sierra Leone,Africa,2022,8605718
Singapore,Asia,1970,2061831
Singapore,Asia,1980,2400729
Singapore,Asia,1990,3022209
Singapore,Asia,2000,4053602
Singapore,Asia,2010,5163590
Singapore,Asia,2015,5650018
Singapore,Asia,2020,5909869
Singapore,Asia,2022,5975689
Sint Maarten,North America,1970,6260
Sint Maarten,North America,1980,12243
Sint Maarten,North America,1990,27845
Sint Maarten,North America,2000,30489
Sint Maarten,North America,2010,33034
Sint Maarten,North America,2015,40205
Sint Maarten,North America,2020,43621
Sint Maarten,North America,2022,44175
Slovakia,Europe,1970,4522867
Slovakia,Europe,1980,4973883
Slovakia,Europe,1990,5261305
Slovakia,Europe,2000,5376690
Slovakia,Europe,2010,5396424
Slovakia,Europe,2015,5424444
Slovakia,Europe,2020,5456681
Slovakia,Europe,2022,5643453
Slovenia,Europe,1970,1741286
Slovenia,Europe,1980,1901570
Slovenia,Europe,1990,1986024
Slovenia,Europe,2000,1984339
Slovenia,Europe,2010,2057286
Slovenia,Europe,2015,2080862
Slovenia,Europe,2020,2117641
Slovenia,Europe,2022,2119844
Solomon Islands,Oceania,1970,172833
Solomon Islands,Oceania,1980,233668
Solomon Islands,Oceania,1990,324171
Solomon Islands,Oceania,2000,429978
Solomon Islands,Oceania,2010,540394
Solomon Islands,Oceania,2015,612660
Solomon Islands,Oceania,2020,691191
Solomon Islands,Oceania,2022,724273
Somalia,Africa,1970,3720977
Somalia,Africa,1980,5892224
Somalia,Africa,1990,6999096
Somalia,Africa,2000,8721465
Somalia,Africa,2010,12026649
Somalia,Africa,2015,13763906
Somalia,Africa,2020,16537016
Somalia,Africa,2022,17597511
South Africa,Africa,1970,22368306
South Africa,Africa,1980,29463549
South Africa,Africa,1990,39877570
South Africa,Africa,2000,46813266
South Africa,Africa,2010,51784921
South Africa,Africa,2015,55876504
South Africa,Africa,2020,58801927
South Africa,Africa,2022,59893885
South Korea,Asia,1970,32601143
South Korea,Asia,1980,38170501
South Korea,Asia,1990,44120039
South Korea,Asia,2000,46788591
South Korea,Asia,2010,48813042
South Korea,Asia,2015,50994401
South Korea,Asia,2020,51844690
South Korea,Asia,2022,51815810
South Sudan,Africa,1970,3342410
South Sudan,Africa,1980,4192011
South Sudan,Africa,1990,4750817
South Sudan,Africa,2000,6114440
South Sudan,Africa,2010,9714419
South Sudan,Africa,2015,11194299
South Sudan,Africa,2020,10606227
South Sudan,Africa,2022,10913164
Spain,Europe,1970,33792617
Spain,Europe,1980,37491666
Spain,Europe,1990,38889889
Spain,Europe,2000,40741651
Spain,Europe,2010,46572772
Spain,Europe,2015,46431342
Spain,Europe,2020,47363807
Spain,Europe,2022,47558630
Sri Lanka,Asia,1970,12388769
Sri Lanka,Asia,1980,14943645
Sri Lanka,Asia,1990,17204094
Sri Lanka,Asia,2000,18776371
Sri Lanka,Asia,2010,20668557
Sri Lanka,Asia,2015,21336697
Sri Lanka,Asia,2020,21715079
Sri Lanka,Asia,2022,21832143
Sudan,Africa,1970,11305206
Sudan,Africa,1980,16673586
Sudan,Africa,1990,21090886
Sudan,Africa,2000,26298773
Sudan,Africa,2010,33739933
Sudan,Africa,2015,38171178
Sudan,Africa,2020,44440486
Sudan,Africa,2022,46874204
Suriname,South America,1970,379918
Suriname,South America,1980,375112
Suriname,South America,1990,412756
Suriname,South America,2000,478998
Suriname,South America,2010,546080
Suriname,South America,2015,575475
Suriname,South America,2020,607065
Suriname,South America,2022,618040
Sweden,Europe,1970,8027702
Sweden,Europe,1980,8311763
Sweden,Europe,1990,8548406
Sweden,Europe,2000,8871043
Sweden,Europe,2010,9381729
Sweden,Europe,2015,9849349
Sweden,Europe,2020,10368969
Sweden,Europe,2022,10549347
Switzerland,Europe,1970,6181227
Switzerland,Europe,1980,6319113
Switzerland,Europe,1990,6711693
Switzerland,Europe,2000,7182059
Switzerland,Europe,2010,7822435
Switzerland,Europe,2015,8281732
Switzerland,Europe,2020,8638613
Switzerland,Europe,2022,8740472
Syria,Asia,1970,6319199
Syria,Asia,1980,8898954
Syria,Asia,1990,12408996
Syria,Asia,2000,16307654
Syria,Asia,2010,22337563
Syria,Asia,2015,19205178
Syria,Asia,2020,20772595
Syria,Asia,2022,22125249
Taiwan,Asia,1970,14957870
Taiwan,Asia,1980,18100281
Taiwan,Asia,1990,20586174
Taiwan,Asia,2000,22194731
Taiwan,Asia,2010,23083083
Taiwan,Asia,2015,23512136
Taiwan,Asia,2020,23821464
Taiwan,Asia,2022,23893394
Tajikistan,Asia,1970,2993019
Tajikistan,Asia,1980,4045965
Tajikistan,Asia,1990,5417860
Tajikistan,Asia,2000,6272998
Tajikistan,Asia,2010,7621779
Tajikistan,Asia,2015,8524063
Tajikistan,Asia,2020,9543207
Tajikistan,Asia,2022,9952787
Tanzania,Africa,1970,13618192
Tanzania,Africa,1980,19297659
Tanzania,Africa,1990,26206012
Tanzania,Africa,2000,34463704
Tanzania,Africa,2010,45110527
Tanzania,Africa,2015,52542823
Tanzania,Africa,2020,61704518
Tanzania,Africa,2022,65497748
Thailand,Asia,1970,35791728
Thailand,Asia,1980,45737753
Thailand,Asia,1990,55228410
Thailand,Asia,2000,63066603
Thailand,Asia,2010,68270489
Thailand,Asia,2015,70294397
Thailand,Asia,2020,71475664
Thailand,Asia,2022,71697030
Timor-Leste,Asia,1970,554021
Timor-Leste,Asia,1980,642224
Timor-Leste,Asia,1990,758106
Timor-Leste,Asia,2000,878360
Timor-Leste,Asia,2010,1088486
Timor-Leste,Asia,2015,1205813
Timor-Leste,Asia,2020,1299995
Timor-Leste,Asia,2022,1341296
Togo,Africa,1970,2197383
Togo,Africa,1980,2838110
Togo,Africa,1990,3875947
Togo,Africa,2000,5008035
Togo,Africa,2010,6571855
Togo,Africa,2015,7473229
Togo,Africa,2020,8442580
Togo,Africa,2022,8848699
Tokelau,Oceania,1970,1714
Tokelau,Oceania,1980,1647
Tokelau,Oceania,1990,1669
Tokelau,Oceania,2000,1666
Tokelau,Oceania,2010,1367
Tokelau,Oceania,2015,1454
Tokelau,Oceania,2020,1827
Tokelau,Oceania,2022,1871
Tonga,Oceania,1970,86484
Tonga,Oceania,1980,96708
Tonga,Oceania,1990,98727
Tonga,Oceania,2000,102603
Tonga,Oceania,2010,107383
Tonga,Oceania,2015,106122
Tonga,Oceania,2020,105254
Tonga,Oceania,2022,106858
Trinidad and Tobago,North America,1970,988890
Trinidad and Tobago,North America,1980,1127852
Trinidad and Tobago,North America,1990,1266518
Trinidad and Tobago,North America,2000,1332203
Trinidad and Tobago,North America,2010,1410296
Trinidad and Tobago,North America,2015,1460177
Trinidad and Tobago,North America,2020,1518147
Trinidad and Tobago,North America,2022,1531044
Tunisia,Africa,1970,5047404
Tunisia,Africa,1980,6578156
Tunisia,Africa,1990,8440023
Tunisia,Africa,2000,9893316
Tunisia,Africa,2010,10895063
Tunisia,Africa,2015,11557779
Tunisia,Africa,2020,12161723
Tunisia,Africa,2022,12356117
Turkey,Asia,1970,35540990
Turkey,Asia,1980,44089069
Turkey,Asia,1990,54324142
Turkey,Asia,2000,64113547
Turkey,Asia,2010,73195345
Turkey,Asia,2015,79646178
Turkey,Asia,2020,84135428
Turkey,Asia,2022,85341241
Turkmenistan,Asia,1970,2201432
Turkmenistan,Asia,1980,2862903
Turkmenistan,Asia,1990,3720278
Turkmenistan,Asia,2000,4569132
Turkmenistan,Asia,2010,5267970
Turkmenistan,Asia,2015,5766431
Turkmenistan,Asia,2020,6250438
Turkmenistan,Asia,2022,6430770
Turks and Caicos Islands,North America,1970,5665
Turks and Caicos Islands,North America,1980,7598
Turks and Caicos Islands,North America,1990,11709
Turks and Caicos Islands,North America,2000,18744
Turks and Caicos Islands,North America,2010,29726
Turks and Caicos Islands,North America,2015,36538
Turks and Caicos Islands,North America,2020,44276
Turks and Caicos Islands,North America,2022,45703
Tuvalu,Oceania,1970,5814
Tuvalu,Oceania,1980,7731
Tuvalu,Oceania,1990,9182
Tuvalu,Oceania,2000,9638
Tuvalu,Oceania,2010,10550
Tuvalu,Oceania,2015,10877
Tuvalu,Oceania,2020,11069
Tuvalu,Oceania,2022,11312
Uganda,Africa,1970,10317212
Uganda,Africa,1980,13284026
Uganda,Africa,1990,17586630
Uganda,Africa,2000,24020697
Uganda,Africa,2010,32341728
Uganda,Africa,2015,37477356
Uganda,Africa,2020,44404611
Uganda,Africa,2022,47249585
Ukraine,Europe,1970,47279086
Ukraine,Europe,1980,49973920
Ukraine,Europe,1990,51589817
Ukraine,Europe,2000,48879755
Ukraine,Europe,2010,45683020
Ukraine,Europe,2015,44982564
Ukraine,Europe,2020,43909666
Ukraine,Europe,2022,39701739
United Arab Emirates,Asia,1970,298084
United Arab Emirates,Asia,1980,1014048
United Arab Emirates,Asia,1990,1900151
United Arab Emirates,Asia,2000,3275333
United Arab Emirates,Asia,2010,8481771
United Arab Emirates,Asia,2015,8916899
United Arab Emirates,Asia,2020,9287289
United Arab Emirates,Asia,2022,9441129
United Kingdom,Europe,1970,55650166
United Kingdom,Europe,1980,56326328
United Kingdom,Europe,1990,57210442
United Kingdom,Europe,2000,58850043
United Kingdom,Europe,2010,62760039
United Kingdom,Europe,2015,65224364
United Kingdom,Europe,2020,67059474
United Kingdom,Europe,2022,67508936
United States,North America,1970,200328340
United States,North America,1980,223140018
United States,North America,1990,248083732
United States,North America,2000,282398554
United States,North America,2010,311182845
United States,North America,2015,324607776
United States,North America,2020,335942003
United States,North America,2022,338289857
United States Virgin Islands,North America,1970,63446
United States Virgin Islands,North America,1980,96640
United States Virgin Islands,North America,1990,100685
United States Virgin Islands,North America,2000,108185
United States Virgin Islands,North America,2010,106142
United States Virgin Islands,North America,2015,102803
United States Virgin Islands,North America,2020,100442
United States Virgin Islands,North America,2022,99465
Uruguay,South America,1970,2790265
Uruguay,South America,1980,2953750
Uruguay,South America,1990,3117012
Uruguay,South America,2000,3292224
Uruguay,South America,2010,3352651
Uruguay,South America,2015,3402818
Uruguay,South America,2020,3429086
Uruguay,South America,2022,3422794
Uzbekistan,Asia,1970,12011361
Uzbekistan,Asia,1980,15947129
Uzbekistan,Asia,1990,20579100
Uzbekistan,Asia,2000,24925554
Uzbekistan,Asia,2010,28614227
Uzbekistan,Asia,2015,30949417
Uzbekistan,Asia,2020,33526656
Uzbekistan,Asia,2022,34627652
Vanuatu,Oceania,1970,87019
Vanuatu,Oceania,1980,118156
Vanuatu,Oceania,1990,150882
Vanuatu,Oceania,2000,192074
Vanuatu,Oceania,2010,245453
Vanuatu,Oceania,2015,276438
Vanuatu,Oceania,2020,311685
Vanuatu,Oceania,2022,326740
Vatican City,Europe,1970,752
Vatican City,Europe,1980,733
Vatican City,Europe,1990,700
Vatican City,Europe,2000,651
Vatican City,Europe,2010,596
Vatican City,Europe,2015,564
Vatican City,Europe,2020,520
Vatican City,Europe,2022,510
Venezuela,South America,1970,11355475
Venezuela,South America,1980,15210443
Venezuela,South America,1990,19750579
Venezuela,South America,2000,24427729
Venezuela,South America,2010,28715022
Venezuela,South America,2015,30529716
Venezuela,South America,2020,28490453
Venezuela,South America,2022,28301696
Vietnam,Asia,1970,41928849
Vietnam,Asia,1980,52968270
Vietnam,Asia,1990,66912613
Vietnam,Asia,2000,79001142
Vietnam,Asia,2010,87411012
Vietnam,Asia,2015,92191398
Vietnam,Asia,2020,96648685
Vietnam,Asia,2022,98186856
Wallis and Futuna,Oceania,1970,9377
Wallis and Futuna,Oceania,1980,11315
Wallis and Futuna,Oceania,1990,13454
Wallis and Futuna,Oceania,2000,14723
Wallis and Futuna,Oceania,2010,13142
Wallis and Futuna,Oceania,2015,12182
Wallis and Futuna,Oceania,2020,11655
Wallis and Futuna,Oceania,2022,11572
Western Sahara,Africa,1970,76371
Western Sahara,Africa,1980,116775
Western Sahara,Africa,1990,178529
Western Sahara,Africa,2000,270375
Western Sahara,Africa,2010,413296
Western Sahara,Africa,2015,491824
Western Sahara,Africa,2020,556048
Western Sahara,Africa,2022,575986
Yemen,Asia,1970,6843607
Yemen,Asia,1980,9204938
Yemen,Asia,1990,13375121
Yemen,Asia,2000,18628700
Yemen,Asia,2010,24743946
Yemen,Asia,2015,28516545
Yemen,Asia,2020,32284046
Yemen,Asia,2022,33696614
Zambia,Africa,1970,4281671
Zambia,Africa,1980,5720438
Zambia,Africa,1990,7686401
Zambia,Africa,2000,9891136
Zambia,Africa,2010,13792086
Zambia,Africa,2015,16248230
Zambia,Africa,2020,18927715
Zambia,Africa,2022,20017675
Zimbabwe,Africa,1970,5202918
Zimbabwe,Africa,1980,7049926
Zimbabwe,Africa,1990,10113893
Zimbabwe,Africa,2000,11834676
Zimbabwe,Africa,2010,12839771
Zimbabwe,Africa,2015,14154937
Zimbabwe,Africa,2020,15669666
Zimbabwe,Africa,2022,16320537
